Preguntas,Tiempos por pregunta,Respuestas,Metadatos,Tiempo total,Modelo
Que es el machine learning?,65.39437317848206,"Basado en el texto proporcionado, el Machine Learning (ML) es un campo de la inteligencia artificial que utiliza técnicas matemáticas y estadísticas para analizar y procesar grandes cantidades de datos.  En el contexto de la educación, se está utilizando para predecir situaciones como el rendimiento académico, la deserción escolar, o incluso, las percepciones de estudiantes y profesores. Su efectividad depende de que los datos sean correctamente etiquetados y sean éticos, evitando sesgos que podrían afectar la precisión de los modelos.
","{'calidad': 9.0, 'iteraciones': 1, 'feedback': ''}",287.85522389411926,gemma3
Para que sirve el machine learning?,26.019089937210083,"Según el texto proporcionado, los resultados de la implementación de Machine Learning (ML) o Inteligencia Artificial (IA) en la educación se centran principalmente en la **predicción del rendimiento académico**. En concreto, el algoritmo de **Random Forest** ha demostrado ser el más efectivo, logrando una precisión del 99% en la predicción del rendimiento, según un estudio de Houngue et al. (2022).  Otros algoritmos de ML también han mostrado un nivel predictivo superior al de los modelos clásicos gracias a su capacidad para aprender patrones complejos en los datos.  En resumen, el ML se usa para identificar a los estudiantes con mayor riesgo de bajo rendimiento y, potencialmente, para ofrecer intervenciones personalizadas.
","{'calidad': 0.0, 'iteraciones': 1, 'feedback': ''}",287.85522389411926,gemma3
Como se implementa el machine learning?,193.67723941802979,"La respuesta a tu pregunta, basándonos en el texto proporcionado, es que el Machine Learning se implementa a través de la aplicación de técnicas y algoritmos que permiten a los sistemas informáticos aprender de los datos y realizar tareas que normalmente requieren inteligencia humana.  Específicamente, el texto menciona las siguientes técnicas de aprendizaje supervisado (que son las que se implican en la implementación):

*   **Artificial Neural Networks (ANN)** -  (Redes Neuronales Artificiales)
*   **Stacking Emsemble Learning**

El texto no profundiza en *cómo* se implementan exactamente estas técnicas, pero las menciona como las herramientas a utilizar para mejorar los procesos de enseñanza-aprendizaje y gestión educativa.
","{'calidad': 8.0, 'iteraciones': 1, 'feedback': ''}",287.85522389411926,gemma3
Que es el machine learning?,90.8757574558258," El Machine Learning, también conocido como aprendizaje automático o aprendizaje de máquina, es una rama de la inteligencia artificial (IA) que se refiere a la capacidad de los algoritmos de procesar y aprender datos sin ser expresamente programados para hacerlo. De esta manera, un sistema capaz de machine learning puede identificar patrones en los datos, realizar predicciones, tomar decisiones automáticamente, y mejorar su rendimiento mediante la experiencia acumulada a través del aprendizaje.","{'calidad': 9.5, 'iteraciones': 1, 'feedback': ''}",365.1672728061676,mistral
Para que sirve el machine learning?,71.46660685539246," El Machine Learning es una herramienta utilizada para entrenar a los algoritmos para que aprendan automáticamente de los datos proporcionados y luego utilizar esas habilidades adquiridas para hacer predicciones, analizar tendencias o tomar decisiones. En el campo de la educación, puede ayudar en varias áreas como evaluar el rendimiento académico de los estudiantes (Ahajjam et al., 2022), identificar factores que influyen en la deserción escolar (Alvarado Uribe et al., 2022) o incluso ayudar a los docentes en su trabajo (Salas Rueda et al., 2022, Demir y Güraksın, 2022).","{'calidad': 9.5, 'iteraciones': 1, 'feedback': ''}",365.1672728061676,mistral
Como se implementa el machine learning?,199.30041766166687," Los resultados de la implementación del Machine Learning (ML) o Inteligencia Artificial (IA) como tecnología emergente en la educación varían según el contexto específico y los objetivos que se pretende alcanzar. Sin embargo, algunos estudios han mostrado mejoras en:

1. Rendimiento académico: El uso de ML ha sido efectivo en identificar tendencias y predecir el rendimiento académico de los estudiantes basándose en datos históricos y factores como edad, sexo, actividades extraescolares, etc. (Ahajjam et al., 2022)
2. Percepción docente y estudiantil: Los sistemas educativos inteligentes con ML han mostrado ser útiles en la percepción de los docentes y estudiantes, ya que permiten recopilar y analizar datos sobre el comportamiento del usuario, lo cual ha llevado a mejorar el aprendizaje (Salas Rueda et al., 2022; Demir y Güraksın, 2022)
3. Deserción escolar: El uso de ML ha sido efectivo en predecir la deserción escolar y ofrecer intervenciones preventivas (Alvarado Uribe et al., 2022)
4. Monitoreo del aprendizaje: Los sistemas educativos inteligentes con ML permiten monitorizar el aprendizaje de los estudiantes en tiempo real, lo que facilita la toma de decisiones y el seguimiento de su progreso (Güner-Akyol et al., 2021)
5. Personalización del contenido: Los sistemas educativos inteligentes con ML permiten personalizar el contenido en función de las necesidades individuales de los estudiantes, lo cual ha resultado ser efectivo en mejorar su rendimiento académico (Khan et al., 2018)

Para implementar el Machine Learning en la educación, es importante seguir un proceso de cinco pasos:

1. Identificar los problemas o objetivos a enfrentar
2. Definir el conjunto de datos relevante
3. Preprocesamiento y limpieza de los datos
4. Selección del algoritmo adecuado
5. Entrenamiento, evaluación y implementación del modelo","{'calidad': 9.5, 'iteraciones': 2, 'feedback': ''}",365.1672728061676,mistral
